Model,Accuracy,ROC_AUC,Training_Time
DenseNet121,0.8416050672531128,0.8580655047581415,1226.951665878296
