Model,Accuracy,Precision,Recall,F1_Score,ROC_AUC,True_Negative,False_Positive,False_Negative,True_Positive,Training_Time
DenseNet121,0.652673950546291,0.6122589531680441,0.9559139784946237,0.746431570109152,0.7294801759772452,492,1126,82,1778,1587.5425276756287
