Model,Accuracy,ROC_AUC,Training_Time
EfficientNetB0,0.8020063638687134,0.7719670251542876,1449.8776252269745
