Model,Accuracy,ROC_AUC
DenseNet121,0.841605,0.858066
ResNet50,0.812038,0.848278
EfficientNetB0,0.802006,0.771967
VGG16,0.796199,0.776121
MobileNetV2,0.701162,0.549827
