Model,Accuracy,ROC_AUC,Training_Time,Inference_Time
MobileNetV2,0.7011615633964539,0.5498270827467007,6315.10729765892,169.37219738960266
