Model,Accuracy,Precision,Recall,F1_Score,ROC_AUC,True_Negative,False_Positive,False_Negative,True_Positive,Training_Time
MobileNetV2,0.5922944220816562,0.5859922178988327,0.8096774193548387,0.6799097065462754,0.6488815343514495,554,1064,354,1506,3431.0654141902924
