Model,Accuracy,Precision,Recall,F1_Score,ROC_AUC,True_Negative,False_Positive,False_Negative,True_Positive,Training_Time
ResNet50,0.5359401955146637,0.5356935577481138,0.9924731182795699,0.6958160572936298,0.534843893297181,18,1600,14,1846,1521.632881641388
