Model,Accuracy,ROC_AUC,Training_Time
ResNet50,0.812038004398346,0.8482777503799822,0
