Model,Accuracy,Precision,Recall,F1_Score,ROC_AUC,True_Negative,False_Positive,False_Negative,True_Positive,Training_Time
VGG16,0.5756181713628522,0.5597758405977584,0.9666666666666667,0.7089905362776026,0.6857889070537102,204,1414,62,1798,1670.9982709884644
