Model,Accuracy,ROC_AUC,Training_Time,Inference_Time
VGG16,0.7961985468864441,0.7761207729393444,1072.7246148586273,25.990689277648926
